hashtag;occurence
judgmentday;3
social;1
nowplaying;6
shopping;2
dogecoin;10
18;1
coffee;6
releaseday;1
asmsg;9
kidlit;1
picturebook;1
child…;1
tofreedom;1
suspense;2
freekunlim…;1
ladygaga;1
hughjackman;1
amzn;1
08;1
04;1
horror;3
zombie;1
lipotrim;1
chocolate;1
rt;4
amazon;18
takethisofficeandshoveit;1
ian1;4
bookboost;9
kindl…;1
idahobit;1
idahobit21;1
pridemonth;1
scifi;3
nextchapterpub;4
…;5
teacherappreciationweek;4
authoruproar;1
contestalert;1
1anodepromodelivro;33
hyperx;1
gamingsetup;1
gamingchannel…;1
poetry;4
thecountryescape;1
romance;6
5;1
maythe4th;1
thefamilyman;1
queensugar;1
unions;1
booksgloriousbooks;1
nayattu;1
nizhal;1
ddr;1
kgb;1
ww2;1
t…;1
twin;1
christmas;1
ku;4
ro…;1
algorithms;1
machinelearning;1
djkhaled;1
khaledkhaled;1
applemusic;1
viral;1
promo;1
music;2
fantasy;4
auth…;2
apostcardfromparis;1
nfl;1
monster;1
iartg;12
paranormal;2
science;1
fiction;1
thedecodingofjo;1
amd;1
graphicscards;1
pcgaming;1
thehollowmanseries;1
mustread;2
no1bestseller;1
helpindia;1
ashishchanchalani;1
supremecourt;1
flipkart;1
noresponse;1
nft;1
headphones;1
earphones…;1
thatcher;1
woman;1
tuesdayvibe;1
etsy;1
handmade;1
shopsmall;1
dogeday;1
deal;4
gift;2
gifts;2
giftideas;2
shop;1
giftidea;1
doge;2
dogecointothemoon;2
dogearm…;1
kathyreichs;2
payyourshare;1
fairtax;1
encryption;1
joelhatchetsmiller;1
wyoming;1
bank;1
fintech;1
finserv;1
banking;1
payment;1
murder;1
eastlondon;1
veday;1
99p;2
abcsenior;1
bletchleypark;2
spy;2
psychologicalthriller;2
investigation;1
coventry;1
blitz;1
traitor;1
chicklit;1
sun;1
sea;1
sand;1
surf;1
romco…;1
linkedin;1
twitter;1
facebook;1
instagram;2
tiktok;1
socialmedia;1
pinterest;1
shop…;1
waddscon;1
tuesnews;4
teacherappreciationweek2021;2
win;1
goodyear;1
demons;1
oppression;1
powerful;1
formula;1
true;1
happiness;1
99c;1
kindleunlimited;10
love;1
joy…;1
bitch;3
futanari;4
mermaid;6
futa;3
kindledeals;2
ad;6
bestdadjoke;1
4;2
krewseason;1
amreading;4
kindle;7
1click;1
c…;1
shamelessplug;1
sorrynotsorry;1
alwaysbeclosing;1
book;4
sale;1
sofiaitc;1
technology…;1
amwriting;1
writerslife;1
humor;2
satire;1
shortstory;2
writinglife;1
books;7
memoir;2
france;2
paris…;1
detective;1
monstrousmay;1
spiritual;2
dogefather;1
5star;2
kin…;2
psychological;1
psychic;1
amc;2
petition;1
disabled;1
author;5
dislit;1
download;1
bookpromotio…;1
now;1
deliveringsmiles;1
free;2
kindleu…;1
todayshits;1
bookreview;1
mystical;1
19;1
np;2
djbb;1
positivehits;1
chh;1
romancenovels;1
billionairebuddha;1
opensource;2
kubernetes;2
k8s;2
wellbeing;1
bitcoin;1
extreme;1
lust;1
wife…;1
verification;1
find;1
actionwoman;1
conspiracythriller;1
spymystery;1
spystorie…;1
action;1
adventure;1
mystery;3
tennis;1
exciting;1
futuris…;1
transl…;1
linanderson;2
isl…;1
readmore;1
ungodlyhour;1
potteries;1
saga;2
rape;1
adoption;1
search;1
family;1
andalucía;1
competition;1
vintage;1
booklaunch;1
bookstagram;1
newbook;1
memorable;1
bynr;1
rta…;1
thisishowwearehuman;1
ebook;5
orenda;1
fire;1
firehd;1
a…;2
paperba…;1
newrelease;1
s…;1
microsoft;2
google;1
azure;1
microsoft365;1
rna;1
2020;1
awardwinning;1
large;1
print;1
histfic;2
thriller;2
shortread;2
thelucylawrencemysteries;1
historicalfiction;2
victorianmystery;1
independentmusic;1
acoustic…;1
bookseries;1
chi…;1
bookblast;1
dog;1
recommendedreading;1
tuesdaymotivations;1
vechain;1
3;2
dragons;1
hemingway;1
literature;1
websecurity;1
technology;1
sports;1
womenint…;1
disneychannel;1
dcomanddessert;1
paypal;1
ebay;1
timcook;1
appel;1
jeffbezos;1
billgates;1
maythe4thbewithyou;3
review;1
purenoir;1
selfhelp;1
personality;1
abuse;1
channelmax;1
starwars;1
starwarsday;1
allonthb…;1
tax;1
fitness;1
funny;1
wom…;1
bgrdeals;1
disne…;1
tshirt;1
shirt;1
worldpoetr…;1
partingtheveil—my;1
solaris;2
sciencefiction;2
lem;2
link;2
kindle…;1
greatparasite;1
smalltownromanc…;1
원호;1
wonho;1
prime;2
paperback;2
5stars…;1
thecounterfeitersdaughter;1
secr…;1
bestseller;1
domesticnoir;1
domesticthriller;1
weekendvibes;1
psycholog…;1
bookcover;1
aws;1
se…;1
mmromance;2
gamedev;1
greatreads;1
romanc…;1
rrbc;1
inspyromance;1
christian;1
probability;1
statistics;1
childrens;1
mg;1
middlegrade;1
kindleunlimite…;1
k…;1
thestagsbloodprince;1
stateofsnacking;1
magic;1
crimefiction;1
tartannoir;1
mentalhealth;1
6;1
enadudley;1
pi;1
revenge;1
vienna;1
berlin;1
care2;1
socialmediamarket…;1
vampire;2
nobubblegumvampiresallow…;1
nobubble…;1
mhc;1
thelastdragonslayer;1
marcdane;1
theborrowabookshopholiday;1
ajathewriter;1
blackromance;1
drunkdazed1stwin;1
xrp;1
deals;1
eb…;1
thehuntingwives;1
christianbooks;1
wolfpackauthors;1
roma…;1
bestselling;1
booksoftheweek;1
sagasat…;1
historicalficti…;1
surrealart;1
surrealism;1
art;1
artbook;1
decor;1
interiordecor;1
fantasyart;1
scifia…;1
sassy;1
mischief;1
friendship;1
1;1
bittorrent;1
btt;1
sanditon;1
sanditonpbs;1
savesanditon…;1
writerslift;1
pnr;1
darkfiction;1
hea;1
l…;1
h…;1
westie;1
romanticadventur…;1
startrekdiscovery;1
socialscifi;1
cleanindiereads…;1
indie;1
datascience;1
restock;1
xbox;1
en…;1
sanditonmugs;1
31daysofaction;1
roman;1
