mention;occurence
rggstudio;3
taxjusticeuk;1
pauljmonaghan;1
fairtaxmark;2
amazon;36
caasbrey;2
iblametom;1
alanwilliamhard;1
davidmeledwards;4
1dougsimpson;7
soigneli;1
robzpippinroad;1
donaldjtrumpjr;3
hawleymo;8
johnroseputnam;3
milesgrant;5
walmart;5
georgemonbiot;1
pizzazzbooks;4
investmentsceo;1
benshapiro;4
statswizkid;1
dogemonster20;1
dogecoinrich;1
earthdesires;4
jeffreykevin7;1
durdsden;1
marylschmidt;1
mslelob;1
pmartinauthor;1
rosieisaholt;1
kavpuri;1
anarmyuhuuu;1
uminnpress;1
bbmangas;1
jebkinnison;1
richardhanania;1
clairlemon;1
benedictevans;1
uvipoznansky;2
twitrpartner;2
khallbooks;1
graciousmemusic;1
car01am;5
thaddeusarjuna;3
mainchannel;4
travisbor…;1
thequeenmehreen;1
joevizanko;2
amazonads;1
akarlin88;1
shaundellenty;1
jbstwocents;1
livingthenewst1;1
doubledownnews;1
suzyhenderson;1
caitlinlynagh;1
esperss0sidhe;1
terryjgeo;2
authorkroese;3
slaythestatic;2
jwberry;2
juliekusma;3
joannepaulson;2
drbradjohnson;1
wqecollege;1
wqestudentexec;1
royalcentralext;1
jackleonz;4
jeffbezos;6
amazonhelp;3
amazonin;2
amazonbr;2
shonisjourney;1
dogecoinrise;4
nearpod;1
philipgermain;1
dipalis85105663;1
thattimwalker;1
joygerke…;1
ainewsfeed;1
adowniebrazil;1
joncoopertweets;1
bonniecrombie;1
paullivo;1
mpokketofficial;1
susiehelme;2
schristodoulou2;4
trilllindsay;3
snapeywapey;3
kaceykells;5
lisathomasbooks;5
caronpescatore;6
cheesefries02;3
tabithawomack1;2
k…;1
mysterydealz;2
promodelivro;33
mvanhulten;1
wendyeslater;2
cardschatter;1
blissfulpremium;1
davidgeebooks;1
tabithawomack1…;1
curtishouck;1
knlitagency;1
yesisaidthat2;1
southernmom18;1
thedemcoalition;1
literatureposts;2
thegreatdagmaru;2
martinhousech;1
getconnectednow;1
jackoswald14;1
pluckypuddin;1
carolinelucas;1
cuntinhaspremiu;1
laliaristo;5
ottsandeep;2
punchablefacevi;1
instanttimedeal;1
demanedavis;1
aurog24;1
hulu;1
dcreportmedia;1
barbaraspencero;1
vnfdbgma;1
jerriealexander;1
stardustwendy;1
usps;1
ups;1
allonfire;3
angrystaffer;1
richardvero;2
elenaru76305433;1
katiemettner;3
wgevans;1
ppenguindesigns;1
btsmerchupdates;1
leadershipdata;1
lizzzzzc;1
quotesrainsite;1
alaneadamsbooks;1
alexgarciaatx;1
papriddey;1
ryanallis;1
entradabooks;1
didiijj;1
alexbrownbooks;1
aqibjunaid10;1
peoplesmomentum;1
sprungonsports;1
forbessports;1
amazons;1
amazonmusic;2
justinbieber;3
shawnmendes;1
francisjshaw;1
bookouture;3
annastuartbooks;2
writefullybritt;1
productshot;1
comelibros69;1
leads;1
hollowmanseries;1
shereavejauan;1
rajpasw28194125;1
technftt;1
coinbase;3
dogecoin;2
alextum18;3
thetop3best;1
armaanbedil;1
rk47rohit;1
twitterindia;1
naveenrkukreja;1
kerrywashington;1
urdailyhistory;3
trengriffin;1
merkybooks;1
avaglianoalex;1
downthelanebook;4
hausamdesiree;1
jgmacleodauthor;4
inspiredbylaban;1
masqcrew;5
chrisderrick1;2
thejagged1;1
lordmayford;1
swivl;1
amazon…;1
sadelovesxox;1
vgokhale59;2
bmurphypointman;2
theiap;2
senmikelee;1
repkenbuck;1
clschneider;2
thomroulet;2
unieuropa;1
luckyheronsay;1
upstartscot;1
katejoh…;1
kingsgermans;1
simondewsbury;1
gaelynnwoods;1
fborgesius;1
oldbrookender;3
amazonuk;4
toyinomotoso;1
debbieabrahams;1
margarethodge;1
rickoshea;1
business;1
suyashjolly611;1
tomsteyer;1
bernardfoong;1
nathanjrobinson;1
louiseecullen;1
carolinepennock;1
natehendley;1
abcclio;1
nebraskamegan;1
michaeleging;1
fti;1
originalfunko;2
elonmusk;1
anna…;1
lyleskobe;1
allontheboard;3
spirosmargaris;1
mercatoradviso…;1
jeanfullerton;1
callthemidwife4;1
vanuatutech;1
miniamandarose;1
grant…;1
winmickmingice;1
swatic12;1
actscribblerdj;2
nicolayeager;1
exitthelemming;1
idontmiss;1
rosswigham;1
bethaniejane;1
ruthbenghiat;1
michelekwas;1
lindaoconnor98;1
yanisvaroufakis;1
zelahroberts;1
rnatweets;4
sysedtweets;1
markpauthor;1
hiqautocare;1
angelarayner;1
fletchermr;1
ramkissoonviola;2
pandaediting;10
tweeterforyou1;7
vx4jf40dlfqr1nz;1
sonorawrites;1
lohfict…;1
guardiannews;1
simmillkj;1
1dougsimpson…;1
historyinbooks;1
classiclib3ral;1
nunneyrobert;1
cloufsinthesky;1
jiocare;1
reliancejio;1
juokaz;1
brassweb;1
ssbazinet;1
bonisilerms;1
imogalore;1
rayeliliah;4
anaiahpress;1
arianagdata;1
imincorrigible;1
delloliomario;1
barrysbrunswick;1
disparojack;1
ermercer;1
ridyardcolin;2
tanweerdar;2
ehollandauthor;2
hutchinsauthor;2
ho…;1
scottishlabour;1
krewseason;1
shoutmybook;2
authorashleel;1
designtlc4web;1
inspiredschoolm;1
radiomorillo;1
authorshout;3
tonyawrites;1
tomigbot;1
catoinstitute;1
katiekirman;1
…;4
kathymcwrite;2
antonioscozze;1
flips4miles;2
hagaifeiner;1
tudortweep;2
twiceintcharts;1
johngwynne;1
erikfossing;1
jerylbier;1
sofiaitc;1
rednecklefty;1
nancylevine;2
smallvillebuffy;1
gavinverhey;1
maro254;1
wizardsmagic;1
hasbro;1
smartreads;1
frankielamb;1
bigtickhk;2
contentmo;2
amazonbooks;1
knottyyarn;1
kvquade;1
talemmie;1
backmanland;1
annajwalner;1
mainihi;2
susansage;2
johnldeboer;2
thompsondavidw;2
crystalnapolit2;7
kellyrei007;6
jesssfrankel;4
sevedabo;2
sharonj53436239;2
oilpainting71;1
andyhemming;1
fredsdiary1981;1
langmanvince;1
danamattioli;1
alfonslopeztena;1
mongabay;1
monzonpb;1
harbeerahedi;1
silencepossum;1
gordonmiyoshi;1
disneymom1126;1
cadhlal;1
marcialynnpaul1;1
acrowle…;1
mylesbeckler;1
aarpublishingn2;5
jamesfuller;1
eileenmaud2;1
authorbryan;1
bolthustle;1
canva;1
louistiovebot;1
aaschapiro;1
chrissiemurray;1
roxyredd31;1
wangelswings;2
pdeblassieiii;1
randyebarnett;1
thrillagorilla5;1
smithlafrieda;1
frankbutterfly;1
dogecoinxx;1
pamjenoff;1
nellymo;1
jortegaauthor;1
innercityarts;1
amazonmusics;1
actionaid;1
dawnofthediscs;1
88films;1
19l4dyh4wk73;1
itstunksy;1
nblackthorne;1
sianbclaven;1
egradcliff;2
beautyswot;1
mthart12;3
adnanbukhari13;1
sakpo0007;1
temsbabys;1
tednaoko;1
guardian;3
katiegauthor;1
danielcrosby;1
datastax;1
k8ssandra;2
cassandra;2
datastaxdevs;1
imeddiemoney;1
andrewtwalk;1
brazospress;1
mccormickprof;1
kingsofleon;1
lisahaganbooks;1
authorjdumas;1
btcarchive;1
pessoa9karen;1
jodievine;1
hannahschrock7;1
ramonlobo;1
joelansdale;1
gfbickerstaff;2
kcsowriter;3
dufrianord;1
rasian21195164;1
jennieleeschade;4
mrstevenroberts;1
recode;1
rjkrzak;1
histoftech;1
gopalsks;1
dianerapp;1
jballard11josh;2
susanwillis69;1
landrewswrites;1
lrenvous;1
qepriestgbsa;1
preterniadotcom;1
cannesvibe;2
foreverwithtxt;1
agchartcentral;1
theweeknd;1
arianagrande;1
promodebooks;1
valaivaasi;1
vikramadithyaa;1
aharemboysaga;2
deniesesmith1;2
dlbuts;1
isidorevirtual;1
kiltronxenviro;3
aschenna;1
afshinrattansi;1
washingtonpost;1
cxhlegionn;1
beysbaileys;1
margaretkaine;1
lavenderjonesss;1
therossharkness;1
julietgreenwood;1
lucycolemanauth;1
garyhensel;1
bethfratesmd;1
miiriya1;1
itzvarun;1
fatkiddeals;3
itgetsbetter;1
kvilloso;1
blinkdrive;2
tinakasper12;1
williamjconaway;1
sebkirby;2
orendabooks;1
louisewriters;1
belikebenaiah;1
realdeancain;1
ericjwriting;1
nintendeal;1
rayaforbts;1
weissjsw819;1
harishav7;1
mariapesce;1
paapabutterfly;1
whiskykiss;1
ionafyfe;1
martintenvoorde;1
crystalseries;3
taniacrosse;1
sherylbrowne;1
bakersnssblog;1
the…;1
bobherzog;1
sheilagraytv;1
local12;1
rickvanrousselt;1
stephanbisser;1
linmeitalks;1
authorjamiller;1
dnarratives;1
saxenapuru;1
tweetmybook;1
authortwitter;2
politicsforali;2
pamlecky;1
dunedinmedia;1
awsgov;1
forkster2013;1
acguitars;1
zepostman;1
aestanfill;2
dealsplus;1
jimmfelton;1
indiebookbutler;2
drjamesdinic;1
marnieatt;1
4frankbarat;1
susanneleist;4
jackoneil9;1
anglrsg9;1
ludrium;1
bingley567;1
martijncvv;1
marcauthor;1
nicberardi;1
pbscribblers;1
tracymarchini;1
saarrafina;1
writinggifts;1
mantisk;1
scottcarruba;1
disneychannel;1
flyingronaldo;1
fabienbrodie;1
ngraybooks;1
nscd;1
dogecointhebest;1
booksbirdblog;1
reagantunstall;1
reddogtweets;1
johnbowie;1
stephwauthor;1
jlweil;1
stevestaxis;1
doomsperg;1
juneymb;1
iamrana;1
aaabshar;1
paddyhurst;1
dmtoft;1
mysterytomes;1
douglasssteve;1
jonerlichman;2
charliempls;1
lumbertrading;1
carlmdontcare;1
memreddog;1
wboonehedgepeth;4
smittyd9199;3
nigamarv;2
booksbyshaunta…;1
cryptobirb;1
educatoralex;2
markminervini;1
kenwhistance;1
dorothy23897725;2
tamuna610;1
techcrunch;1
ingridlunden;1
ameyaw112;1
hobortshipping;1
jensationaldeal;1
nonfrictionary;1
gameidentityv;1
mylovliving;1
gloriousgluten;1
bostonshakers;1
betteastevens;1
brideauthor;1
promocoespa;1
cbethanderson;1
ranasoh61531398;1
buycooltshirts;1
lecritartsha;1
haripulakkat;1
pkennedywrites;1
scifibooks;1
trulymarkcooper;1
arjshopnow25;2
ama…;2
yankinthenl;1
baddcompani;1
splatland;1
nasubeeeee5858;1
derrickrbickley;1
shadeofjustice1;1
chetandrewgrant;1
chewy;1
tesla;1
amazonkindle;1
uf;1
gatorsfb;1
onlygators;1
alyssssssac;1
amonbuy;1
cryptolimbo;1
monstersrecord;1
arrowfilmsvideo;1
moreperfectus;1
teamsters;1
natalieben;1
mrsboone757;2
donorschoose;2
tamiedearen;2
willchamberlain;1
jenirwinauthor;1
smalltwnctrygrl;1
officialwonho;1
mogalore;1
lomace;1
pennilessscribe;1
vicmarswell;1
sarahcecc;1
awsidentity;1
daesparation;1
smgut1234;1
designationsix;1
missamazon;1
wakajugbe;1
bravomilagro1;1
alphapeebs;1
alphaceej;1
calebpirtle;2
inkdisregardit;1
chartpatternn;1
binancechain;1
jjfnandez;1
claudiaoltean;1
mquigley1963;1
booksbys…;1
baggiesaiyan;1
jeffbarr;1
charityparkerso;1
mshipko;1
cryptocom;1
wblau;1
raellelogan1;1
kirkdborne;1
pretentiousaho;1
sallydillbooks;1
youtube;2
jasoncrawford;1
promospricedrop;1
raymondnorman;3
authorfrankelso;1
ellisbuckley1;1
gideonewood;1
blogchatter;1
lindsayromantic;1
videogamedeals;1
bookduke;1
eloualisabrine;1
kinelryan;1
mattswider;1
oskoolg;1
blueisviolet;1
thomaskaine5;1
tammysdragonfly;1
debbiesimone123;1
indieauthorland;3
yournextbigide1s;1
leahcrowley2020;1
soobinbrasil;1
princesslaylat;1
linnbhalton;1
ilagolden;1
rockethulsey;1
somtouwazie;1
shockblasterlol;1
mohamedanassar;1
twitter;1
mikecoulson48;1
telltalepub;1
profootballtalk;1
zwanheda;1
theterriblehook;1
zacksnydersjl;1
pharmaphorum;1
andymarco58;1
mstvtweets;1
danielaegan;1
jasperfforde;1
haileypipersays;1
the7thterrace;1
ostracaeu;1
jmswallow;1
queenoliviastr;1
mattwridley;1
alphalevel;1
therisingmoon;1
flippindiabetic;1
marybriggs1;1
barbavon;1
nychange;1
kileydunbar;1
ajathewriter;1
masonmalonecom;1
jackiefriman;1
ripplexrpie;1
ripple;1
dailystar;1
kaledenapress;1
galgadot;1
natgeotv;1
jeffbenton78;1
briankeene;1
rdpindia;1
velliniv;1
ejhall10;1
maykcobb;1
paullyricist;1
loriagne2;1
rebeccmclaugh;1
tgc;1
spacema95158365;1
mickwest;1
only1jabulani;1
climateben;1
heleneslater16;1
richieplex;1
booksbymaureen;1
poppypowerstoma;1
northernovation;1
azaleamiles;1
shewlyl;1
csmcdonald7;1
alissalaylax;1
danielbaldwin;1
electroneum;1
shoppingio;1
mariroj83929420;1
nigamar…;1
sharonl33940258;1
mick859;1
thesundaytimes;1
wurdsmyth;1
shapemagazine;1
vgmdaily1;1
scattlemusic;2
newbooksy;1
bookcoverdezign;1
mdaworks;1
grayconnolly;1
arobertsandrew;1
janromes;1
bittorrentrise;1
kristencordero;1
rachb52;1
harlequinbooks;1
seramilano;1
elaineeverest;1
gnfblue;1
msanditon7542;2
tinytoestom05;1
adiangelo;4
sakstories;3
purpleskypoetry;1
cheycobb;1
cmbowenauthor;1
adrienneauthor;1
elinannalise;1
yahoo;1
booksbyshauntae;1
iqooind;1
bendragonborn;1
motinab…;1
letsott;1
sagarcasm;1
charitytober;1
myhwooddream;1
grogjaws;1
viviennebreret1;1
dannipiper;1
anitadickason;1
datascience;1
positiveblacks1;1
tiffanylwarren;1
camimjensen;1
twitmanager;1
maddiemueller;1
br…;1
kathleenharrym1;1
norstromnina;1
clrdougherty;1
ludwigkovaaks;1
enicolson1;1
2emandelbbircs;1
derekkunsken;1
rebellionpub;1
bridgittelesley;1
authorkelly;1
bookclubpro1;2
lonita;1
justintrudeau;1
fordnation;1
pennyhampson;1
caroleparkes1;1
bordercollies;1
kenfry10;1
kasakicksdeals;1
drdhruvchauhan;1
mentallyawareng;1
danalynndonovan;1
caylavanhulle;1
aurorammj;1
growpharmauk;1
pthat8;1
esmejlawrence;1
alejteran;1
jabelfields;1
kaitnolans;1
gordondoherty;1
sjaturney;1
ariesfiction;1
hozbooks;1
okrogules;1
deepprice;1
ozbargain;1
theianfleming;1
shutdownamazon;1
mairibethm;1
earthwarsen;1
